title,latitude,longitude,description
getoutphilly,39.9535444,-75.1872192,"3180 Chestnut St, Philadelphia, PA"
getoutphilly,41.0703857,-75.0174778,"40.979754 -75.142189, Delaware Water Gap, PA"
PhillyMeditates,39.9525839,-75.1652215,"2125 Chestnut Street Parish Room, Ground Floor), Philadelphia, PA"
PhillyMeditates,39.950273,-75.223281,"5007 Cedar Ave, Philadelphia, PA"
NetworkingAfterWorkPhiladelphia,39.7448957,-75.547996,"902 N Market St, Wilmington, DE"
NetworkingAfterWorkPhiladelphia,39.9545023,-75.1807498,"1113-31 Market Street, Philadelphia, PA"
NetworkingAfterWorkPhiladelphia,39.9502685,-75.1669508,"1528 Sansom St, Philadelphia, PA"
NetworkingAfterWorkPhiladelphia,39.747418,-75.548827,"111 W. 11th Street, Wilmington, DE"
TeamPhilly,39.95356,-75.1962926,"3621 Walnut Street, Philadelphia, PA"
TeamPhilly,39.9506867,-75.1674365,"1601 Sansom St., Philadelphia , PA"
TeamPhilly,40.0254732,-75.2239919,"4358 Main St, Philadelphia, PA"
TeamPhilly,39.9541298,-75.1643991,"1401 John F Kennedy Blvd, Philadelphia, PA"
PhiladelphiaHappyHours,39.9485577,-75.1443304,"207 Chestnut Street, Philadelphia, Pe"
ypevents,39.9511659,-75.1686306,"111 S 17th St, Philadelphia, PA"
Philly-Newbies-and-Friends-20s-30s,39.9485577,-75.1443304,"207 Chestnut St, Philadelphia, PA"
Technically-Philly,35.613118,-90.3188426,"Broad & Market Streets, West Side of City Hall, Philadelphia, PA"
Technically-Philly,39.9521634,-75.1661894,"Centre Square East, 1500 Market Street, Philadelphia, PA"
Technically-Philly,39.9596055,-75.1710236,"1901 Vine St, Philadelphia, PA"
Technically-Philly,39.8893687,-75.1761117,"5000 South Broad Street, Philadelphia, PA"
PhiladelphiaAdventure,40.0587873,-76.5347467,"399 Furnace Rd, Marietta, PA 17547, Marietta, PA"
PhiladelphiaAdventure,40.4413047,-75.1002964,"150 Tory Rd, Pipersville, PA"
PhiladelphiaAdventure,40.0587873,-76.5347467,"399 Furnace Rd, Marietta, PA 17547, Marietta, PA"
PhiladelphiaAdventure,40.4413047,-75.1002964,"150 Tory Rd, Pipersville, PA"
PhiladelphiaAdventure,40.983296,-75.785048,"288 North Stagecoach Road, Weatherly, PA 18255, Weatherly, PA"
phillysocialadventures,39.9600698,-75.1373447,"Delaware and Columbus Str, Northern Liberties/ Fishtown, PA"
phillysocialadventures,39.9537058,-75.1565271,"1003 Arch Street, Philadelphia, PA"
phillysocialadventures,39.9535726,-75.1932774,"3432 Sansom Street, Philadelphia, PA"
phillysocialadventures,39.948818,-75.1456539,"239 Chestnut Street, Philadelphia, PA"
Adventures-and-Fun-Activities-in-Philly,39.6981006,-74.5273292,"3107 Route 563, Chatsworth, NJ"
PhiladelphiaHappyHour,39.9535726,-75.1932774,"3432 Sansom Street, Philadelphia, PA"
PhiladelphiaHappyHour,39.948818,-75.1456539,"239 Chestnut Street, Philadelphia, PA"
PhiladelphiaHappyHour,39.948818,-75.1456539,"239 Chestnut Street, Philadelphia, PA"
PhiladelphiaHappyHour,39.9480635,-75.1433055,"120 Chestnut St, Philadelphia, PA"
thinkingsociety,39.9545872,-75.167024,"1600 Arch Street, Philadelphia, PA"
thinkingsociety,39.9545872,-75.167024,"1600 Arch Street, Philadelphia, PA"
thinkingsociety,39.9545872,-75.167024,"1600 Arch Street, Philadelphia, PA"
thinkingsociety,39.9545872,-75.167024,"1600 Arch Street, Philadelphia, PA"
thinkingsociety,39.9545872,-75.167024,"1600 Arch Street, Philadelphia, PA"
Girl-Develop-It-Philadelphia,39.9507535,-75.1607223,"1211 Chestnut Street Suite 400, Philadelphia, PA"
Girl-Develop-It-Philadelphia,39.9528833,-75.2047892,"4040 Locust Street, Philadelphia, PA"
Girl-Develop-It-Philadelphia,39.9507535,-75.1607223,"1211 Chestnut Street Suite 400, Philadelphia, PA"
Girl-Develop-It-Philadelphia,39.9528833,-75.2047892,"4040 Locust Street, Philadelphia, PA"
Philadelphia-Real-Estate-Investors-Association,39.888854,-75.2321911,"4509 Island Ave, Philadelphia, PA"
Philadelphia-20s-and-30s-Meetup-Group,39.9485577,-75.1443304,"207 Chestnut Street, Philadelphia, Pe"
Philly-New-Tech-Meetup,39.9516669,-75.1537371,"801 Market Street, Suite 300, Philadelphia, PA"
Philly-New-Tech-Meetup,39.9541627,-75.1737313,"2001 Market Street, Suite 2500, Philadelphia, PA"
Philly-New-Tech-Meetup,39.9567794,-75.1969127,"3711 Market Street, Floor 8, Philadelphia, PA"
Single-Professionals-of-Philadelphia,39.961802,-75.145875,"414 Green St, Philadelphia, PA"
Single-Professionals-of-Philadelphia,39.961802,-75.145875,"414 Green St, Philadelphia, PA"
Thursday-Networking-Jazz-Meetup,39.9618721,-75.1607418,"1336 Spring Garden Street, Philadelphia, PA"
Happy-Hours-and-Socials,39.948818,-75.1456539,"239 Chestnut Street, Philadelphia, PA"
Happy-Hours-and-Socials,39.948818,-75.1456539,"239 Chestnut Street, Philadelphia, PA"
Happy-Hours-and-Socials,39.9480635,-75.1433055,"120 Chestnut St, Philadelphia, PA"
Happy-Hours-and-Socials,39.9484815,-75.1572037,"929 Walnut St, , Philadelphia, PA"
musicians-27,39.9535726,-75.1932774,"3432 Sansom Street, Philadelphia, PA"
musicians-27,39.9480635,-75.1433055,"120 Chestnut St, Philadelphia, PA"
musicians-27,39.9484815,-75.1572037,"929 Walnut Street, Philadelphia, PA"
Philadelphia-Foodies-and-Pub-Crawlers,39.948818,-75.1456539,"239 Chestnut Street, Philadelphia, PA"
Philadelphia-Foodies-and-Pub-Crawlers,39.9484815,-75.1572037,"929 Walnut St, , Philadelphia, PA"
Philadelphia-Foodies-and-Pub-Crawlers,39.9480635,-75.1433055,"120 Chestnut St, Philadelphia, PA"
Philadelphia-Foodies-and-Pub-Crawlers,39.9484815,-75.1572037,"929 Walnut St, , Philadelphia, PA"
Phillys-Social-Singles-20s-and-30s,39.9485577,-75.1443304,"207 Chestnut St, Philadelphia, PA"
Phillys-Social-Singles-20s-and-30s,39.9511992,-75.1706583,"116 South 18th Street, Philadelphia, PA"
BOOZE-CLUB-Philadelphia,40.096547,-75.4156639,"1160 1st Avenue, King of Prussia, PA"
BOOZE-CLUB-Philadelphia,26.0937112,-80.1246643,"Port Everglades, Ft. Lauderdale, FL"
Phillie-Ladies-20s-30s-Social-Group,39.9059929,-75.1666401,"1 Citizens Bank Way, Philadelphia, PA"
Phillie-Ladies-20s-30s-Social-Group,39.9673847,-75.1411703,"1040 N. American St. Suite 1001, Philadelphia, PA"
Phillie-Ladies-20s-30s-Social-Group,42.3303505,20.772479,"near 25th & Locust, Philadelphia, PA"
Wild-Foodies-of-Philly,39.943108,-75.153977,"706 Lombard St, Philadelphia, PA"
Wild-Foodies-of-Philly,40.4334005,-75.0980008,"5941-5987 State Park Road, Pipersville, PA"
Wild-Foodies-of-Philly,40.0165686,-75.1076668,"I and Ramona Streets, Philadelphia, PA"
Wild-Foodies-of-Philly,40.1439419,-75.0837569,"2955 Edge Hill Rd, Huntingdon Valley, PA"
bookclub-577,39.9547511,-75.1663793,"16th and Arch Sts., Philadelphia, PA"
bookclub-577,39.9547511,-75.1663793,"16th and Arch Sts., Philadelphia, PA"
YIPhilly,39.9529308,-75.1596503,"12th and filbert, Philadelphia, PA"
Philadelphia-Startup-Idea-to-IPOd,39.9525839,-75.1652215,"ON YOUR COMPUTER, Philadelphia, PA"
hispanofili,40.0529533,-75.1861257,"6734 Germantown Ave, Philadelphia, PA"
hispanofili,39.9525839,-75.1652215,"235 S 15th St 15th and Locust), Philadelphia, PA"
hispanofili,39.9525839,-75.1652215,"235 S 15th St 15th and Locust), Philadelphia, PA"
hispanofili,39.972311,-75.1386973,"1361 N 2nd St Philadelphia, PA 19122, Philadelphia, PA"
PhillyPhoodies,40.096547,-75.4156639,"1160 1st Avenue, King of Prussia, PA"
Philadelphia-Music-and-Art-Lovers-Connection,39.9467246,-75.1652166,"300 South Broad Street, Philadelphia, PA"
Philadelphia-Music-and-Art-Lovers-Connection,40.0911011,-75.3888741,"260 Mall Boulevard, King of Prussia, PA"
Philadelphia-Music-and-Art-Lovers-Connection,40.3585433,-74.9756679,"6426 Lower York Road, Rte. 202), New Hope, PA"
Fun-Global-Adventures,38.9177309,1.4446226,"Av. 8 d'Agost, Ibiza"
Fun-Global-Adventures,18.4456571,-64.7506927,"Belle Vue, Jost van Dyke"
Fun-Global-Adventures,29.959472,-90.0648943,"Bourbon St, New Orleans, LA"
PhillyNetwork,39.9701888,-75.1356145,"1253 N Front St, Philadelphia, PA"
PhillyNetwork,39.9701888,-75.1356145,"1253 N Front St, Philadelphia, PA"
PhillyNetwork,39.9260533,-75.1430988,"1651 S Christopher Columbus Blvd, Philadelphia, PA"
PhillyNetwork,39.9525839,-75.1652215,"1500 Chestnut Street Lower Level, Philadelphia, PA"
PhillyNetwork,39.9217558,-75.1425278,"1936 South Christopher Columbus Boulevard, Philadelphia, PA"
Philadelphia-Young-Professionals-Networking,39.9701888,-75.1356145,"1253 North Front Street, Philadelphia, PA"
Philadelphia-Young-Professionals-Networking,39.9701888,-75.1356145,"1253 North Front Street, Philadelphia, PA"
Philadelphia-Young-Professionals-Networking,39.9260533,-75.1430988,"1651 S Christopher Columbus Blvd, Philadelphia, PA"
Philadelphia-Young-Professionals-Networking,39.9260533,-75.1430988,"1651 S Christopher Columbus Blvd, Philadelphia, PA"
Philadelphia-Young-Professionals-Networking,39.9525839,-75.1652215,"1500 Chestnut Street Lower Level, Philadelphia, PA"
phillyfrench,39.9444664,-75.1578735,"928 Pine Street, Philadelphia, PA"
phillyfrench,39.9444664,-75.1578735,"928 Pine Street, Philadelphia, PA"
Code-for-Philly,39.952616,-75.159445,"1150 Filbert St, Philadelphia, PA"
Code-for-Philly,39.961578,-75.1544525,"990 Spring Garden Street, Philadelphia, PA"
Code-for-Philly,39.9653813,-75.1425709,"908A N 3rd St, Philadelphia, PA"
Code-for-Philly,39.9653813,-75.1425709,"908A N 3rd St, Philadelphia, PA"
Code-for-Philly,39.9653813,-75.1425709,"908A N 3rd St, Philadelphia, PA"
writers-362,39.9539163,-75.1462546,"151 N 4th St, Philadelphia, PA"
Philadelphia-TechBreakfast,39.7490337,-75.5462122,"1313 N. Market St., Wilmington, DE"
Philadelphia-TechBreakfast,39.7411257,-75.5502534,"500 N. Market Street , Wilmington, DE"
The-Erotic-Literary-Salon,39.9500371,-75.1625129,"1315 Sansom Street, Philadelphia, PA"
philly-valley-to-summit,40.0587873,-76.5347467,"399 Furnace Rd, Marietta, PA 17547, Marietta, PA"
philly-valley-to-summit,34.7373647,-80.3930369,"Tory Road & Cafferty Road, Tinicum, PA"
philly-valley-to-summit,40.0587873,-76.5347467,"399 Furnace Rd, Marietta, PA 17547, Marietta, PA"
The-Lock-and-Key-Philadelphia-Area-Singles-Meetup-Group,39.961802,-75.145875,"414 Green St, Philadelphia, PA"
The-Lock-and-Key-Philadelphia-Area-Singles-Meetup-Group,39.961802,-75.145875,"414 Green St, Philadelphia, PA"
phillyhikes,41.9162667,-89.0619706,"Rochelle Avenue & Sumac Street, Philadelphia, PA"
phillyhikes,48.4135605,-98.6724494,"69th St & Market St, Philadelphia, PA"
phillyhikes,48.4135605,-98.6724494,"69th St & Market St, Philadelphia, PA"
phillyhikes,39.9906281,-75.2876198,"Karakung Drive near Beechwood Road, Havertown, PA"
phillyhikes,39.9863365,-75.2895085,"Karakung Dr & Beechwood Dr, Haverford, PA"
expat-148,39.9485577,-75.1443304,"207 Chestnut Street, Philadelphia, Pe"
expat-148,40.0529533,-75.1861257,"6734 Germantown Ave, Philadelphia, PA"
expat-148,39.9537058,-75.1565271,"1003 Arch Street, Philadelphia, PA"
expat-148,39.948818,-75.1456539,"239 Chestnut Street, Philadelphia, PA"
expat-148,39.9511992,-75.1706583,"116 S. 18th St., Philadelphia, PA"
randominphilly,39.9678851,-75.1274849,"1341 N Delaware Ave, Philadelphia, PA"
randominphilly,39.948818,-75.1456539,"239 Chestnut Street, Philadelphia, PA"
randominphilly,39.948818,-75.1456539,"239 Chestnut Street, Philadelphia, PA"
randominphilly,39.9512956,-75.1746805,"2030 Sansom St, Philadelphia, PA"
randominphilly,39.9614103,-75.1991112,"3850 Lancaster Ave., Philadelphia, PA"
phillypug,39.9507535,-75.1607223,"1211 Chestnut Street Suite 400, Philadelphia, PA"
phillypug,39.9529683,-75.1982049,"3730 Walnut St., Philadelphia, PA"
phillypug,39.9507535,-75.1607223,"1211 Chestnut Street Suite 400, Philadelphia, PA"
gpreia,40.1154069,-75.283556,"500 W Germantown Pike, Plymouth Meeting, PA"
gpreia,40.0068973,-75.210552,"4010 City Avenue, Philadelphia, PA"
gpreia,40.1154069,-75.283556,"500 W Germantown Pike, Plymouth Meeting, PA"
gpreia,40.0068973,-75.210552,"4010 City Avenue, Philadelphia, PA"
gpreia,40.0068973,-75.210552,"4010 City Avenue, Philadelphia, PA"
singlesevents,39.9493463,-75.1423488,"10 S Front St, Philadelphia, PA"
PhiladelphiaBlackEntrepreneursNetwork,39.9536328,-75.1695319,"1735 Market St Fl 52, Philadelphia, PA"
philadelphia-volunteer-meetup-group,39.9604342,-75.1744497,"Benjamin Franklin Pkwy, Philadelphia, Pe"
philadelphia-volunteer-meetup-group,39.9701932,-75.1429246,"341 west Girard ave 1st floor, Philadelphia, PA"
philadelphia-volunteer-meetup-group,39.9631287,-75.1443465,"713 Fourth St, Phila, PA"
Crazee-Monkee-Hikers,41.0081135,-76.447287,"400 East 2nd Street , Bloomsburg, PA"
Crazee-Monkee-Hikers,40.0580297,-75.2127002,"Valley Green Road, Philadelphia , PA"
internationals-friendship-group,39.9485577,-75.1443304,"207 Chestnut St, Philadelphia, PA"
internationals-friendship-group,40.0529533,-75.1861257,"6734 Germantown Ave, Philadelphia, PA"
internationals-friendship-group,39.9537058,-75.1565271,"1003 Arch Street, Philadelphia, PA"
internationals-friendship-group,39.948818,-75.1456539,"239 Chestnut Street, Philadelphia, PA"
internationals-friendship-group,39.9511992,-75.1706583,"116 S. 18th St. , Philadelphia, PA"
ThePBNC,39.9798258,-75.1585587,"1776 N Broad St, Philadelphia, PA"
ThePBNC,39.9578306,-75.1377109,"417 N Columbus Blvd, Philadelphia, PA"
Second-Saturday-Game-Night-Circle,39.9369613,-75.1666084,"1125 South Broad Street, Philadelphia, PA"
Reelblack,39.9362906,-75.0280577,"2121 New Jersey 38, Cherry Hill, NJ"
newbeginningsholistictherapies,39.9774593,-75.124602,"2424 E. York Street, Philadelphia, PA"
newbeginningsholistictherapies,39.9774593,-75.124602,"2424 East York Street #108, Philadelphia, PA"
newbeginningsholistictherapies,39.9774593,-75.124602,"2424 East York Street #108, Philadelphia, PA"
newbeginningsholistictherapies,39.9774593,-75.124602,"2424 East York Street #108, Philadelphia, PA"
Philly-Night-and-Day,39.948818,-75.1456539,"239 Chestnut St, Philadelphia, PA"
Philly-Night-and-Day,39.948818,-75.1456539,"239 Chestnut St, Philadelphia, PA"
Philly-Night-and-Day,39.9484815,-75.1572037,"929 Walnut St, , Philadelphia, PA"
Philly-Night-and-Day,39.9480635,-75.1433055,"120 Chestnut St, Philadelphia, PA"
AATofPA,39.9536328,-75.1695319,"1735 Market St , Philadelphia, PA"
AATofPA,39.9493725,-75.144085,"24 South 2nd Street , Philadelphia, PA"
AATofPA,39.9526702,-75.1691064,"1700 Market St Suite 1005 , Philadelphia, PA"
Philadelphia-Singles-Ages-30-40s,39.9493725,-75.144085,"24 South 2nd Street , Philadelphia, PA"
Batona-Hiking-Club,40.0774283,-75.2091618,"8755 Germantown Avenue, Philadelphia, PA"
Batona-Hiking-Club,39.9150986,-75.3519958,"1250 Baltimore Pike, Springfield, PA"
Indie-Movies-and-Music,39.961406,-75.155349,"1026 Spring Garden Street, Philadelphia, PA"
Indie-Movies-and-Music,39.9590346,-75.1587131,"1200 Callowhill St, Philadelphia, PA"
Indie-Movies-and-Music,39.9537058,-75.1565271,"1003 Arch Street, Philadelphia, PA"
Social-Bowling-and-Happy-Hours-in-Philly,39.9506439,-75.1633942,"1336 Chestnut St, Philadelphia, PA"
netzwerkphiladelphia,40.3186792,-75.1308934,"380 N Main St, Doylestown, PA"
netzwerkphiladelphia,40.0697908,-75.4443434,"324 W. Swedesford Rd, Berwyn, PA"
netzwerkphiladelphia,39.9595649,-75.6068351,"124 W Gay St, West Chester, PA"
netzwerkphiladelphia,39.9420667,-75.1545876,"718 South Street, Philadelphia, PA"
netzwerkphiladelphia,41.2029227,-90.5130848,"17th Street & John F. Kennedy Blvd, Philadelphia, PA"
Photogs-In-Philly,40.088858,-75.072112,"8500 Pine Rd, Philadelphia, PA"
Photogs-In-Philly,39.9833075,-75.1140004,"2840 Chatham St, Philadelphia , PA"
Photogs-In-Philly,39.9793705,-75.1317727,"Trenton and Norris, Philadelphia, PA"
Photogs-In-Philly,40.0481285,-75.0614917,"2228 Cottman Ave., Philadelphia, PA"
Photogs-In-Philly,39.5322076,-74.2624867,"5516 S Bay Ave , Long Beach Township, NJ"
Philadelphia-JavaScript-Developers,40.0746947,-75.3051479,"201 Fayette Street, Conshohocken, PA"
Philly-Loves-Boardgames,39.9562833,-75.1769956,"2215 Arch Street, Philadelphia, PA"
Philly-Loves-Boardgames,39.9481009,-75.2200765,"4812 Baltimore Ave, Philadelphia, PA"
Philly-Loves-Boardgames,39.948818,-75.1456539,"239 Chestnut Street, Philadelphia, PA"
Philly-Loves-Boardgames,39.9614103,-75.1991112,"3850 Lancaster Avenue, Philadelphia, PA"
Philly-Loves-Boardgames,39.948818,-75.1456539,"239 Chestnut Street, Philadelphia, PA"
DevMeetUpNortheast,39.961578,-75.1544525,"990 Spring Garden Street, Philadelphia, PA"
DevMeetUpNortheast,39.9502685,-75.1669508,"1528 Sansom Street, Philadelphia, PA"
DevMeetUpNortheast,42.3851075,-72.5252819,"300 Massachusetts Ave, Amherst, MA"
DevMeetUpNortheast,42.3766674,-72.5195813,"63 N Pleasant Street, Amherst, MA"
DevMeetUpNortheast,38.9048636,-77.0339963,"1133 15th Street NW, Washington, DC"
atheists-215,39.9637414,-75.1754268,"Penn's Landing, Philadelphia, PA, Philadelphia, Pe"
atheists-215,39.9596055,-75.1710236,"1901 Vine St., Philadelphia, PA"
atheists-215,39.8299062,-75.130679,"525 New Jersey Avenue NW, Washington, PA"
SciFiPhilly,39.826024,-75.0983602,"The Court at Deptford II, 1553 Almonesson Road, Deptford, NJ"
Philly-Freeriders,39.9296204,-74.0802223,"Seaside Heights area, Ocean County, NJ"
Philadelphia-Zen-Meditation-Meetup,39.9488304,-75.2135923,"4522 Baltimore Avenue, Philadelphia, PA"
phillyjunto,39.9673492,-75.1404339,"1040 North 2nd Street, Suite 301, Philadelphia, PA"
The-Philadelphia-Glamour-Photography-Group,39.9978394,-75.3713907,"1 Langdale Rd, Newtown Square, PA"
The-Philadelphia-Glamour-Photography-Group,39.9479919,-75.4460513,"1023 Sycamore Mills Rd. , Media, PA"
Wine-Code,39.9502071,-75.1691803,"1701 Walnut Street 8th Floor, Philadelphia, PA"
ntesla-38,39.9829402,-75.166766,"North 20th Street, , Philadelphia, PA"
ntesla-38,39.9546645,-75.1945096,"Chestnut St, Philadelphia, PA"
ntesla-38,39.9546645,-75.1945096,"Chestnut St, Philadelphia, PA"
ntesla-38,40.2427492,-75.5851393,"2488 Sanatoga Road, Pottstown, Pennsylvania, Pottstown , PA"
Philadelphia-Rock-Concert-Meetup-Group,39.9497207,-75.1698467,"1712 Walnut St, Philadelphia, PA"
Philadelphia-Rock-Concert-Meetup-Group,40.0177386,-75.0004321,"1 Harbour Blvd , Camden, NJ"
Philadelphia-Rock-Concert-Meetup-Group,39.9608513,-75.2583095,"19 S 69th St, Upper Darby, PA"
Philadelphia-Rock-Concert-Meetup-Group,39.1890408,-75.5332932,"1131 N Dupont Hwy, Dover, DE"
Philadelphia-Rock-Concert-Meetup-Group,40.0280623,-75.1100228,"Lincoln Hwy, Philadelphia, PA"
friends-715,39.948818,-75.1456539,"239 Chestnut St, Philadelphia, PA"
friends-715,39.948818,-75.1456539,"239 Chestnut St, Philadelphia, PA"
friends-715,39.9480635,-75.1433055,"120 Chestnut St, Philadelphia, PA"
Software-as-Craft-Philadelphia,39.9507535,-75.1607223,"1211 Chestnut Street Suite 400, Philadelphia, PA"
The-Adult-Mix,39.9518832,-75.1738715,"2006 Chestnut St, Philadelphia, PA"
Philadelphia-Dungeons-and-Dragons,39.9043382,-75.3081164,"2612 Grand Ave., Holmes, PA"
The-Philadelphia-Science-Society,39.9495567,-75.146008,"22 South 3rd Street, Philadelphia, PA"
The-Philadelphia-Science-Society,39.9805914,-75.162908,"1700 West Montgomery Avenue, Philadelphia, PA"
GeoPhilly,39.981219,-75.1534766,"N 12th Street and Polett Walk, Philadelphia, PA"
phillyESL,39.9481797,-75.1660502,"235 S 15th St Ste 1, Philadelphia, PA"
Philadelphia-Travel-Photography,44.3820235,-68.2650154,"20 McFarland Hill Drive , Bar Harbor, ME"
adventurousfoodies,39.9480635,-75.1433055,"120 Chestnut St, Philadelphia, PA"
adventurousfoodies,39.9535726,-75.1932774,"3432 Sansom Street, Philadelphia, PA"
adventurousfoodies,39.948818,-75.1456539,"239 Chestnut Street, Philadelphia, PA"
Art-Changes-Lives,40.0411773,-75.1181526,"6001 A. Street , Philadelphia, PA"
Art-Changes-Lives,40.0767105,-75.0819215,"501 Rhawn St, Philadelphia, PA"
Art-Changes-Lives,39.957253,-75.1700704,"Benjamin Franklin Pkwy, 19103, PA"
Art-Changes-Lives,40.0411773,-75.1181526,"6001 A. Street , Philadelphia, PA"
Philadelphia-Bulldog-Meetup,39.9469321,-75.1840373,"2800 Lombard St, Philadelphia, PA"
PhillyEdTechMeetup,39.9561749,-75.1917294,"3401 Market Street, Suite 200, Philadelphia, PA"
nodejs-philly,39.9495912,-75.1628901,"1315 Walnut St , Suite 1500, Philadelphia, PA"
chinese-282,39.9551908,-75.156773,"1020 Race St, Philadelphia, PA"
phillyjs,40.13385,-75.514318,"148 Bridge St, Phoenixville, PA"
PhillyDevOps,39.9545639,-75.1684674,"1701 John F Kennedy Boulevard, Philadelphia, PA"
PhillyDevOps,39.9545639,-75.1684674,"1701 John F Kennedy Boulevard, Philadelphia, PA"
tango-81,39.9793777,-75.1300199,"2030 Frankford Ave, Philadelphia, PA"
tango-81,39.9793777,-75.1300199,"2030 Frankford Ave, Philadelphia, PA"
tango-81,39.9793777,-75.1300199,"2030 Frankford Ave, Philadelphia, PA"
OneTaste-Philadelphia,39.9419226,-75.1573684,"620 S 9th St, Philadelphia, PA"
OneTaste-Philadelphia,39.9525839,-75.1652215,"from your phone, Philadelphia, PA"
PhillyCocoaHeads,39.950812,-75.1456074,"20 North 3rd St, Unit 201, Philadelphia, PA"
PhillyCocoaHeads,39.9499263,-75.1679127,"1607 Walnut Street, Philadelphia, PA"
Field-of-Awakening,40.0535156,-75.3258794,"770 Mount Moro Rd, Villanova, PA"
Field-of-Awakening,39.7429289,-75.717392,"579 Upper Pike Creek Rd, Newark, DE"
Field-of-Awakening,40.0365364,-75.5672366,"519 Lancaster Ave, Malvern, PA"
Field-of-Awakening,40.0365364,-75.5672366,"519 Lancaster Ave, Malvern, PA"
Field-of-Awakening,39.9508343,-75.1658994,"1500 Chestnut Street, Philadelphia, PA"
PhiladelphiaMasterMindGroup,39.9701888,-75.1356145,"1253 N Front St, Philadelphia, PA"
PhiladelphiaMasterMindGroup,39.9701888,-75.1356145,"1253 N Front St, Philadelphia, PA"
PhiladelphiaMasterMindGroup,39.9260533,-75.1430988,"1651 S Christopher Columbus Boulevard, Philadelphia, PA"
PhiladelphiaMasterMindGroup,39.9508343,-75.1658994,"1500 Chestnut Street, Philadelphia, PA"
PhiladelphiaMasterMindGroup,39.9217558,-75.1425278,"1936 South Christopher Columbus Boulevard, Philadelphia, PA"
Creative-Healing-Arts-at-Space-2033,39.9791839,-75.129571,"2033 Frankford Ave, Philadelphia, PA"
Creative-Healing-Arts-at-Space-2033,39.9791839,-75.129571,"2033 Frankford Ave, Philadelphia, PA"
Creative-Healing-Arts-at-Space-2033,39.9791839,-75.129571,"2033 Frankford Ave, Philadelphia, PA"
Culture-Language-Exchange,39.9511992,-75.1706583,"116 S. 18th St. , Philadelphia, PA"
Free-Afternoon-English-Classes-in-Philadelphia,39.9558056,-75.1945841,"3600 Market Street, Philadelphia, PA"
Healthy-Happy-And-Fit-For-Life-Philadelphia,40.0202857,-75.215555,"3901B Main St, 2nd Fl, Philadelphia, PA"
Philly-Content-Strategy,39.9554088,-75.1690352,"1717 Arch St, Philadelphia, PA"
The-Philadelphia-Vegetarian-Social-Club,39.9537842,-75.2037105,"4014 Walnut Street, Philadelphia, PA"
seo-philly,39.9493463,-75.1423488,"10 South Front Street, Philadelphia, PA"
meetup-group-vYbGbBWS,39.9521955,-75.1851094,"3025 Walnut Street, Philadelphia, PA"
meetup-group-vYbGbBWS,39.994488,-75.2180614,"Belmont and Parkside Avenues , Philadelphia, PA"
PhillyASLMeetup,39.941756,-75.148992,"347 South Street, Philadelphia, PA"
PhillyASLMeetup,39.941756,-75.148992,"347 South Street, Philadelphia, PA"
PhillyASLMeetup,39.9425249,-75.1572635,"600 S 9th St, Philadelphia, PA 19147, Philadelphia, PA"
PhillyASLMeetup,39.941756,-75.148992,"347 South Street, Philadelphia, PA"
PhillyASLMeetup,40.0481285,-75.0614917,"2228 Cottman Avenue , Philadelphia, PA"
Philadelphia-Bootstrappers-Breakfast-Group,39.9522153,-75.1695282,"30 S 17th St, Philadelphia, PA"
Philadelphia-Bootstrappers-Breakfast-Group,39.9522153,-75.1695282,"30 S 17th St, Philadelphia, PA"
phillyphp,39.9653813,-75.1425709,"908A N. 3rd Street, Philadelphia, PA"
phillyphp,39.9653813,-75.1425709,"908A N. 3rd Street, Philadelphia, PA"
PhillyAnime,39.9468861,-75.1455597,"214 Walnut Street, Philadelphia, PA"
PhillyAnime,40.0083227,-75.2913337,"5 E Lancaster Avenue, Ardmore, PA"
PhillyAnime,39.941489,-75.1761454,"2001 Christian St, Philadelphia, PA"
PhillyAnime,39.9653813,-75.1425709,"908A N 3rd St, Philadelphia, PA"
PhillyAnime,39.9420189,-75.1534801,"638 South Street, Philadelphia, PA"
iImproved,39.9535741,-75.1703915,"1801 Market Street, Philadelphia, PA"
italian-philadelphia,39.950201,-75.142285,"14 North Front St, Philadelphia, PA"
N3rd-Street-Gamers-Philadelphia-PA,39.9653813,-75.1425709,"908 North 3rd Street, Philadelphia, PA"
N3rd-Street-Gamers-Philadelphia-PA,39.9653813,-75.1425709,"908A N 3rd St, Philadelphia, PA"
N3rd-Street-Gamers-Philadelphia-PA,39.9653813,-75.1425709,"908 North 3rd Street, Philadelphia, PA"
N3rd-Street-Gamers-Philadelphia-PA,39.9653813,-75.1425709,"908 North 3rd Street, Philadelphia, PA"
Rough-Cuts-Community-for-Visual-Storytellers,39.9777806,-75.143701,"1730 N 5th St - Apt 203, Philadelphia, PA"
Philly-Makers,39.9396252,-75.1773305,"2025 Washington Avenue, Philadelphia, PA"
Philadelphia-Socia-Club,39.9502071,-75.1691803,"1701 Walnut Street 8th Floor), Philadelphia, PA"
Philadelphia-Knitting-Meetup,39.9483428,-75.2177204,"4722 Baltimore Ave, Philadelphia, PA"
Philadelphia-Knitting-Meetup,39.962067,-75.1429346,"631 N 3rd St, Philadelphia, PA"
Philadelphia-Knitting-Meetup,39.9516498,-75.1682121,"1625 Chestnut Street, Philadelphia, PA"
Philadelphia-Knitting-Meetup,39.9170911,-75.141859,"2206 S Columbus Blvd, Philadelphia, PA"
Philadelphia-Knitting-Meetup,39.9555486,-75.1439775,"230 Vine Street, Philadelphia, PA"
philadelphiaparanormalgroup,39.888395,-75.47076,"354 Valleybrook Road, Chester Heights, PA"
philadelphiaparanormalgroup,39.8774086,-75.2136442,"1 Fort Mifflin Rd., Philadelphia, PA"
thehumaneleague,39.9476806,-75.2227069,"701 South 50th Street, Philadelphia, PA"
thehumaneleague,40.1192248,-75.328822,"E Fornance St, Norristown, PA"
thehumaneleague,39.9010963,-75.1718743,"3601 South Broad Street, Philadelphia, PA"
thehumaneleague,39.8995304,-75.0194457,"100 Bortons Mill Road, Cherry Hill, NJ"
thehumaneleague,39.9537842,-75.2037105,"4014 Walnut Street, Philadelphia, PA"
italofili,39.9481797,-75.1660502,"235 S 15th St Ste 1, Philadelphia, PA"
italofili,39.9316359,-75.1663241,"1303 Dickinson Street, Philadelphia, PA"
PhillyDevNight,39.948818,-75.1456539,"239 Chestnut St, Philadelphia, PA"
Positive-Psychology-Philly,39.9432988,-75.1646107,"1352 South Street, Philadelphia, PA"
scala-phase,40.1512481,-75.2237909,"201 S. Maple Ave. Ste 150 , Ambler, PA"
relifestyle,40.1154069,-75.283556,"500 West Germantown Pike, Plymouth Meeting, PA"
relifestyle,40.0068973,-75.210552,"4010 City Avenue , Philadelphia, PA"
relifestyle,40.1154069,-75.283556,"500 West Germantown Pike, Plymouth Meeting, PA"
relifestyle,40.0068973,-75.210552,"4010 City Avenue , Philadelphia, PA"
relifestyle,40.0068973,-75.210552,"4010 City Avenue , Philadelphia, PA"
vacationretreats,41.4633405,-70.6021616,"288 Main Street, Vineyard Haven, MA"
Ballet-Unbound-Philadelphia,39.9696229,-75.150405,"954 N 8th St, 1st Floor, Philadelphia, PA"
Ballet-Unbound-Philadelphia,39.9696229,-75.150405,"954 N 8th St, 1st Floor, Philadelphia, PA"
Amitayus-Kadampa-Buddhist-Center,39.9447293,-75.1600311,"1102 Pine St., Philadelphia, PA"
Amitayus-Kadampa-Buddhist-Center,39.9156574,-75.0700776,"30 W Collings Ave, Collingswood, NJ"
Amitayus-Kadampa-Buddhist-Center,39.9447293,-75.1600311,"1102 Pine St., Philadelphia, PA"
Amitayus-Kadampa-Buddhist-Center,39.9447293,-75.1600311,"1102 Pine St., Philadelphia, PA"
Amitayus-Kadampa-Buddhist-Center,39.9447293,-75.1600311,"1102 Pine St., Philadelphia, PA"
GenX-Loves-Beer,39.9462965,-75.1577538,"941 Spruce Street, Philadelphia, PA"
GenX-Loves-Beer,40.0225237,-75.1333212,"4661 N 5th St , Philadelphia, PA"
phillyasians,39.9537058,-75.1565271,"1003 Arch Street, Philadelphia, PA"
phillyasians,39.948818,-75.1456539,"239 Chestnut Street, Philadelphia, PA"
phillyasians,39.9480635,-75.1433055,"120 Chestnut St, Philadelphia, PA"
Panorama-Toastmasters,39.9599509,-75.1681302,"2 Franklin Town Boulevard, Philadelphia, PA"
Panorama-Toastmasters,39.9599509,-75.1681302,"2 Franklin Town Boulevard, Philadelphia, PA"
PhiladelphiaB2BNetworking,39.9701888,-75.1356145,"1253 N Front St, Philadelphia, PA"
PhiladelphiaB2BNetworking,39.9701888,-75.1356145,"1253 N Front St, Philadelphia, PA"
PhiladelphiaB2BNetworking,39.9260533,-75.1430988,"1651 S Christopher Columbus Blvd, Philadelphia, PA"
PhiladelphiaB2BNetworking,39.9217558,-75.1425278,"1936 South Christopher Columbus Boulevard, Philadelphia , PA"
PhiladelphiaB2BNetworking,39.9217558,-75.1425278,"1936 South Christopher Columbus Boulevard, Philadelphia , PA"
Philadelphia-Classical-Music-Meetup,39.9475476,-75.1714482,"300 South 18th Street, Philadelphia, PA"
Philadelphia-Classical-Music-Meetup,39.9451062,-75.1606111,"1127 Pine Street, Philadelphia, PA"
Philadelphia-Classical-Music-Meetup,40.0068906,-75.2421871,"382 Bala Avenue, Bala Cynwyd, PA"
Philadelphia-Classical-Music-Meetup,44.987411,-121.820992,"20th & Cherry Streets, Philadelphia, PA"
Philadelphia-Classical-Music-Meetup,39.9470968,-75.1682711,"306 South 16th Street, Philadelphia, PA"
Philadelphia_New-Jersey_New-York-City_Real-Estate_Education,39.9701888,-75.1356145,"1253 N Front St, Philadelphia, PA"
Philadelphia_New-Jersey_New-York-City_Real-Estate_Education,39.9701888,-75.1356145,"1253 N Front St, Philadelphia, PA"
Philadelphia_New-Jersey_New-York-City_Real-Estate_Education,39.9260533,-75.1430988,"1651 S Christopher Columbus Boulevard, Philadelphia, PA"
Philadelphia_New-Jersey_New-York-City_Real-Estate_Education,39.9508343,-75.1658994,"1500 Chestnut Street, Philadelphia, PA"
Philadelphia_New-Jersey_New-York-City_Real-Estate_Education,39.9217558,-75.1425278,"1936 South Christopher Columbus Boulevard, Philadelphia, PA"
N3rd-Street,39.9678851,-75.1274849,"1341 N. Delaware Avenue , Philadelphia, PA"
N3rd-Street,42.3712402,-89.0311283,"North 2nd Street & Germantown Avenue, Philadelphia, PA"
N3rd-Street,39.9484155,-75.1650461,"230 S. Broad St., Philadelphia, PA"
N3rd-Street,39.9653813,-75.1425709,"908 N.3rd St, Philadelphia, PA"
Philadelphia-Neighborhood-Developers-Association,39.9701888,-75.1356145,"1253 N Front St, Philadelphia, PA"
IndyHall,39.950812,-75.1456074,"20 North 3rd Street, Philadelphia, PA"
The-Ivy-Plus-Society-Philadelphia,39.9502071,-75.1691803,"1701 Walnut Street 8th Floor), Philadelphia, PA"
manayunk,40.0263079,-75.2253543,"4417 Main St., Philadelphia, PA"
CardXchange-Phillly-Business-Social-Networking,39.9502071,-75.1691803,"1701 Walnut Street 8th Floor), Philadelphia, PA"
NJPARealEstateInvestorsGroup,39.9701888,-75.1356145,"1253 N Front St, Philadelphia, PA"
NJPARealEstateInvestorsGroup,39.9701888,-75.1356145,"1253 N Front St, Philadelphia, PA"
NJPARealEstateInvestorsGroup,39.9260533,-75.1430988,"1651 S Christopher Columbus Blvd, Philadelphia, PA"
NJPARealEstateInvestorsGroup,39.9217558,-75.1425278,"1936 South Christopher Columbus Boulevard, Philadelphia , PA"
NJPARealEstateInvestorsGroup,40.0583238,-74.4056612,"1500 Chestnut Street Lower Level), Philadelphia, NJ"
thegreatnetwork,39.9562974,-75.168981,"1776 Ben Franklin Parkway , Philadelphia, PA"
Books-and-Beers-Philadelphia,39.9495567,-75.146008,"22 South 3rd Street, Philadelphia, PA"
Friend-Seekers,39.948818,-75.1456539,"239 Chestnut St, Philadelphia, PA"
Friend-Seekers,39.948818,-75.1456539,"239 Chestnut St, Philadelphia, PA"
Friend-Seekers,39.9480635,-75.1433055,"120 Chestnut St, Philadelphia, PA"
Philadelphia-Jazz-Lovers,39.9641014,-75.1616243,"600 North Broad Street, Philadelphia, PA"
Philadelphia-Jazz-Lovers,13.1362782,-59.4605768,"ST Philip , St Philip"
Center-City-Philly-singles-50,39.9530781,-75.1749733,"11 S. 21st Street, Philadelphia, PA"
Dollars-Making-Sense-Phillys-Nonprofit-Fundraising-Group,40.0225787,-75.2188062,"Main Branch, Philadelphia, PA"
PHILADELPHIAREALESTATENETWORKING,39.9260533,-75.1430988,"1651 SOUTH COLUMBUS BLVD, PHILADELPHIA, PA"
PHILADELPHIAREALESTATENETWORKING,39.9525839,-75.1652215,"1500 Chestnut Street Lower Level, Philadelphia, PA"
Philadelphia-English-as-a-Second-Language-Meetup,39.9444664,-75.1578735,"928 Pine Street, Philadelphia, PA"
tantrawisdom,39.941674,-75.1481706,"317 South St. Phila. Pa., Philadelphia, PA"
tantrawisdom,39.941674,-75.1481706,"317 South St. Phila. Pa., Philadelphia, PA"
tantrawisdom,39.941674,-75.1481706,"317 South St. Phila. Pa., Philadelphia, PA"
Philly-Kirtan-with-the-Rati-Bhava-Band,40.0365364,-75.5672366,"519 Lancaster Ave, Malvern, PA"
Philly-Kirtan-with-the-Rati-Bhava-Band,40.0365364,-75.5672366,"519 Lancaster Ave, Malvern, PA"
Philly-Kirtan-with-the-Rati-Bhava-Band,40.0365364,-75.5672366,"519 Lancaster Ave, Malvern, PA"
We-Are-Stock-Traders,39.9536328,-75.1695319,"1735 Market st , Philadelphia, PA"
We-Are-Stock-Traders,34.2370651,-77.9275327,"1700 Market St #1005, Philadelphia, PA 19103, Philadelphia, Pe"
Philadelphia-Volleyball,40.059408,-75.108469,"7853 Front St, Cheltenham, PA"
Philadelphia-Volleyball,39.98342,-75.158567,"15th and Norris, Philadelphia, PA"
Philadelphia-Volleyball,39.8071825,-75.5515528,"3 Mt. Lebanon Rd, Wilmington, DE"
Philadelphia-Volleyball,40.0338473,-75.2288211,"201 Fountain Street, Philadelphia, PA"
Philadelphia-Philosophy-Meetup,39.9444664,-75.1578735,"928 Pine St, Philadelphia, PA"
Death-Cafe-Philadelphia,39.9472412,-75.1682819,"1602 Spruce Street, Philadelphia, PA"
Death-Cafe-Philadelphia,39.9472412,-75.1682819,"1602 Spruce Street, Philadelphia, PA"
The-Philadelphia-Asian-Professionals-Meetup-Group,39.9537058,-75.1565271,"1003 Arch Street, Philadelphia, PA"
The-Philadelphia-Asian-Professionals-Meetup-Group,39.948818,-75.1456539,"239 Chestnut Street, Philadelphia, PA"
The-Philadelphia-Asian-Professionals-Meetup-Group,39.948818,-75.1456539,"239 Chestnut Street, Philadelphia, PA"
The-Philadelphia-Asian-Professionals-Meetup-Group,39.9480635,-75.1433055,"120 Chestnut St, Philadelphia, PA"
Philly-Book-Club,39.9419226,-75.1573684,"620 S 9th St, Philadelphia, PA"
philly-reiki,39.9791839,-75.129571,"2033 Frankford Ave, Philadelphia, PA"
philly-reiki,39.9791839,-75.129571,"2033 Frankford Ave, Philadelphia, PA"
law-of-attraction-study-group,41.2033216,-77.1945247,"Dial In, Conference Call, PA"
law-of-attraction-study-group,39.9525839,-75.1652215,"Webinar or teleconference, Philadelphia, PA"
Greater-Philadelphia-Polymer-Artists-Meetup,39.9525839,-75.1652215,"22 South 22nd Street, Second Floor, Philadelphia, PA"
Authentic-Relating-Philadelphia,39.9674734,-75.1808799,"Kelly Drive and Fairmount Ave. Philadelphia, PA 19130, Philadelphia, PA"
Philadelphia-Internet-of-Things-Meetup,39.9539083,-75.1603047,"1216 Arch St, 7th Floor, Philadelphia, PA"
Singles-Golf-Philly,40.0666498,-75.4610018,"888 Chesterbrook Blvd, Wayne, PA"
tristaterealestateeducation,39.9701888,-75.1356145,"1253 N Front Street, Philadelphia, PA"
tristaterealestateeducation,39.9701888,-75.1356145,"1253 N Front Street, Philadelphia, PA"
tristaterealestateeducation,39.9260533,-75.1430988,"1651 S Christopher Columbus Blvd, Philadelphia, PA"
tristaterealestateeducation,39.9525839,-75.1652215,"1500 Chestnut Street Lower Level, Philadelphia, PA"
tristaterealestateeducation,39.9217558,-75.1425278,"1936 South Christopher Columbus Boulevard, Philadelphia, PA"
PhiladelphiaPhotoLeague,39.9495912,-75.1628901,"The Philadelphia Building | 1315 Walnut, Philadelphia, PA"
PhiladelphiaPhotoLeague,39.9495912,-75.1628901,"The Philadelphia Building | 1315 Walnut, Philadelphia, PA"
PhiladelphiaPhotoLeague,40.051776,-75.153809,"Chelten Ave , Philadelphia, PA"
PhiladelphiaPhotoLeague,39.9828919,-75.1230909,"2551 Trenton Ave, Philadelphia, PA"
PhiladelphiaPhotoLeague,39.9828919,-75.1230909,"2551 Trenton Ave, Philadelphia, PA"
Homeowners-Association-of-Philadelphia,39.9701888,-75.1356145,"1253 N Front St, Philadelphia, PA"
Homeowners-Association-of-Philadelphia,39.9701888,-75.1356145,"1253 N Front St, Philadelphia, PA"
Homeowners-Association-of-Philadelphia,39.9260533,-75.1430988,"1651 SOUTH COLUMBUS BLVD, PHILADELPHIA, PA"
Homeowners-Association-of-Philadelphia,39.9217558,-75.1425278,"1936 South Christopher Columbus Boulevard, Philadelphia, PA"
Homeowners-Association-of-Philadelphia,39.9525839,-75.1652215,"1500 Chestnut Street Lower Level, Philadelphia, PA"
Writers-Coworking-Philly,40.0904118,-75.1246011,"261 Old York Rd, Jenkintown, PA"
Writers-Coworking-Philly,39.959415,-75.194842,"3649 Lancaster, Philadelphia, PA"
Writers-Coworking-Philly,39.948045,-75.152769,"701 Walnut Street, Philadelphia, PA"
Writers-Coworking-Philly,39.9444664,-75.1578735,"928 Pine Street, Philadelphia, PA"
vrphilly,39.9570873,-75.1928032,"3401 Filbert St., Philadelphia, PA"
Philly-OpenStack-Meetup-Group,39.95956,-75.160838,"401 North Broad Street, Philadelphia, PA"
Philly-OpenStack-Meetup-Group,39.95956,-75.160838,"401 North Broad Street, Philadelphia, PA"
PHILLY_NJ_NYC_REALESTATE_EDUCATION,39.9701888,-75.1356145,"1253 N Front St, Philadelphia, PA"
PHILLY_NJ_NYC_REALESTATE_EDUCATION,39.9701888,-75.1356145,"1253 N Front St, Philadelphia, PA"
PHILLY_NJ_NYC_REALESTATE_EDUCATION,39.9260533,-75.1430988,"1651 S Christopher Columbus Boulevard, Philadelphia, PA"
PHILLY_NJ_NYC_REALESTATE_EDUCATION,39.9508343,-75.1658994,"1500 Chestnut Street, Philadelphia, PA"
PHILLY_NJ_NYC_REALESTATE_EDUCATION,39.9217558,-75.1425278,"1936 South Christopher Columbus Boulevard, Philadelphia, PA"
Philadelphia-Real-Estate-Investor-Network,40.1154069,-75.283556,"500 W Germantown Pike, Plymouth Meeting, PA"
Philadelphia-Real-Estate-Investor-Network,40.0068973,-75.210552,"4010 City Avenue , Philadelphia, PA"
Philadelphia-Real-Estate-Investor-Network,40.1154069,-75.283556,"500 W Germantown Pike, Plymouth Meeting, PA"
Philadelphia-Real-Estate-Investor-Network,40.0068973,-75.210552,"4010 City Avenue , Philadelphia, PA"
Philadelphia-Real-Estate-Investor-Network,40.0068973,-75.210552,"4010 City Avenue , Philadelphia, PA"
Performance-Bicycle-Great-Ride-Series-Philadelphia,39.9302474,-75.1448242,"1300 S Columbus Blvd , Philadelphia, PA"
CommercialCapitalGroup,40.1154069,-75.283556,"500 West Germantown Pike, Plymouth Meeting, PA"
CommercialCapitalGroup,40.0068973,-75.210552,"4010 City Ave, Philadelphia, PA"
CommercialCapitalGroup,40.1154069,-75.283556,"500 West Germantown Pike, Plymouth Meeting, PA"
CommercialCapitalGroup,40.0068973,-75.210552,"4010 City Ave, Philadelphia, PA"
CommercialCapitalGroup,40.0068973,-75.210552,"4010 City Ave, Philadelphia, PA"
Northwest-Philadelphia-Pack-Walk,40.0177513,-75.1891478,"3899 Henry Ave, Philadelphia, Pe"
Philly-Skeptics,38.8882802,-77.0500044,"2 Lincoln Memorial Cir NW, Washington, DC"
bethenetworkphiladelphia,39.9701888,-75.1356145,"1253 N Front St, Philadelphia, PA"
bethenetworkphiladelphia,39.9701888,-75.1356145,"1253 N Front St, Philadelphia, PA"
bethenetworkphiladelphia,39.9260533,-75.1430988,"1651 S Christopher Columbus Blvd, Philadelphia, PA"
bethenetworkphiladelphia,39.9525839,-75.1652215,"1500 Chestnut Street Lower Level, Philadelphia, PA"
bethenetworkphiladelphia,39.9217558,-75.1425278,"1936 South Christopher Columbus Boulevard, Philadelphia , PA"
Philly-ARABIC-LANGUAGE-CARAVAN-QAFILAT-ALLUGHA-AL-ARABIA,39.9434957,-75.1650867,"1356 South St, Philadelphia, PA"
Philly-ARABIC-LANGUAGE-CARAVAN-QAFILAT-ALLUGHA-AL-ARABIA,39.954952,-75.211523,"4420 Walnut Street, Philadelphia, PA"
The-Hacktory-Exploring-Creativity-Technology-in-Philly,39.959367,-75.194743,"3645 Lancaster Ave, 1st Floor, Philadelphia, PA"
The-Hacktory-Exploring-Creativity-Technology-in-Philly,39.959367,-75.194743,"3645 Lancaster Ave, 1st Floor, Philadelphia, PA"
The-Hacktory-Exploring-Creativity-Technology-in-Philly,39.959367,-75.194743,"3645 Lancaster Ave, 1st Floor, Philadelphia, PA"
The-Hacktory-Exploring-Creativity-Technology-in-Philly,39.9695283,-75.1394556,"417 North 8th Street, Second Floor, Philadelphia, PA"
The-Hacktory-Exploring-Creativity-Technology-in-Philly,39.9695283,-75.1394556,"417 North 8th Street, Second Floor, Philadelphia, PA"
culturalbookclub,40.022723,-75.164484,"4613 Newhall Street, Philadelphia, PA"
culturalbookclub,39.9536487,-75.1952333,"3601 Walnut St, Philadelphia, PA"
culturalbookclub,39.950468,-75.170984,"1805 Walnut Street, Philadelphia, PA"
phillysas,40.1073961,-75.1183338,"1641 The Fairway, Jenkintown, PA"
phillysas,39.9587516,-75.1737442,"271 North 21st Street, Philadelphia, PA"
phillysas,39.9526238,-75.1634624,"City Hall, Philadelphia, PA"
The-Fierce-Fabulous-After-50-Tribe,39.9452021,-75.164711,"401 South Broad St,, Philadelphia, PA"
The-Fierce-Fabulous-After-50-Tribe,39.8726031,-75.6267812,"632 Baltimore Pike, Chadds Ford, PA"
The-Philadelphia-Science-Fiction-Society,39.955379,-75.196931,"3701 Chestnut St, Philadelphia, PA"
02c5b419-b157-4aa3-bbbd-c6d5e27e606f,41.5343721,-90.4242134,"100 N 20th St # 500, Philadelphia, PA"
Candlelit-Intimate-Concerts-in-West-Philly,39.944994,-75.21645,"4814 Trinity Place, Philadelphia, PA"
Peace-Advocacy-Networks-Meetup-Group,40.13385,-75.514318,"148 Bridge St, Phoenixville, PA"
Peace-Advocacy-Networks-Meetup-Group,40.13385,-75.514318,"148 Bridge St, Phoenixville, PA"
Peace-Advocacy-Networks-Meetup-Group,40.2691679,-75.6047398,"1500 Ringing Rocks Park, Pottstown, PA"
BirdPhilly-Meetup-Group,39.98663,-75.18749,"Reservoir Drive in East Fairmount Park, between the Smith Playground and N 33rd St, Philadelphia, PA"
BirdPhilly-Meetup-Group,40.0836807,-75.2329358,"300 Northwestern Ave. Phila, PA 19118, Philadelphia, PA"
REAL-ESTATE-DEAL-MAKER-SESSIONS-PHILADELPHIA,39.9701888,-75.1356145,"1253 N Front St, Philadelphia, PA"
REAL-ESTATE-DEAL-MAKER-SESSIONS-PHILADELPHIA,39.9701888,-75.1356145,"1253 N Front St, Philadelphia, PA"
REAL-ESTATE-DEAL-MAKER-SESSIONS-PHILADELPHIA,39.9260533,-75.1430988,"1651 SOUTH COLUMBUS BLVD, PHILADELPHIA, PA"
REAL-ESTATE-DEAL-MAKER-SESSIONS-PHILADELPHIA,39.9217558,-75.1425278,"1936 South Christopher Columbus Boulevard, Philadelphia , PA"
REAL-ESTATE-DEAL-MAKER-SESSIONS-PHILADELPHIA,40.3515972,-74.0690561,"84 W Front St, Red Bank, NJ"
Philadelphia-Abraham-Hicks,40.0266397,-75.3260508,"1225 Montrose Ave , Bryn Mawr, PA"
Philadelphia-Abraham-Hicks,40.1830883,-74.8703433,"400 Oxford Valley Rd, Langhorne, PA"
Pyramid-Club-TED-Style-Talks,39.9536328,-75.1695319,"1735 Market Street, Philadelphia, PA"
lusofili,39.9525839,-75.1652215,"235 S 15th St 15th and Locust), Philadelphia, PA"
PHILLY-ECOMMERCE-MEETUP,40.216722,-74.762528,"200 S Broad St #19, Philadelphia, PA"
PhillyMusicalAchievers,39.9487108,-75.2140898,"4540 Baltimore Avenue, Philadelphia, PA"
PhillyMusicalAchievers,39.9487108,-75.2140898,"4540 Baltimore Avenue, Philadelphia, PA"
PhillyMusicalAchievers,39.9487108,-75.2140898,"4540 Baltimore Avenue, Philadelphia, PA"
PhillyMusicalAchievers,39.9487108,-75.2140898,"4540 Baltimore Avenue, Philadelphia, PA"
PhillyMusicalAchievers,39.9487108,-75.2140898,"4540 Baltimore Avenue, Philadelphia, PA"
Singles-Aspiring-to-Live-Transformed,39.9349829,-75.2641541,"513 S. Union Ave , Yeadon , PA"
Philly-Code-Jam,39.9484155,-75.1650461,"230 S. Broad St., Philadelphia, PA"
Eat-Me-Philadelphia,39.9480635,-75.1433055,"120 Chestnut St, Philadelphia, PA"
Eat-Me-Philadelphia,39.948818,-75.1456539,"239 Chestnut Street, Philadelphia, PA"
Eat-Me-Philadelphia,39.9420189,-75.1534801,"638 South Street, Philadelphia, PA"
Build-Guild-Philly,39.9484739,-75.1435556,"117 Chestnut St, Philadelphia, PA"
Give-to-Get,39.9439634,-75.102259,"1514 Federal Street, Camden, NJ"
Give-to-Get,39.955766,-75.1590485,"151 North 4th Street 4th and Race St), Philadelphia, PA"
smallbreeddogs-140,39.9537948,-75.219606,"25th St between Locust and Spruce Sts, Philadelphia, PA"
smallbreeddogs-140,40.0549123,-75.2182171,"Forbidden Drive, Philadelphia, PA"
The-Philadelphia-3D-Printer-Workshop,40.0671768,-75.1577178,"2000 Washington Lane, Philadelphia, PA"
BarWithMeTV,39.9694512,-75.1347199,"1210 Frankford Ave, Philadelphia, PA"
libertarian-16,39.9508094,-75.1741197,"2011 Walnut St., Philadelphia, PA"
churchandstate-48,39.8873805,-75.0163378,"910 Berlin Rd, Voorhees, NJ"
churchandstate-48,39.9033561,-74.9710373,"1871 Marlton Pike East, Cherry Hill, NJ"
churchandstate-48,39.9485888,-75.1730357,"1906 S. Rittenhouse Square, Philadelphia, PA"
PhillyDadsGroup,39.9816039,-75.1934997,"East Fairmount Park, Philadelphia, PA"
PhillyDadsGroup,39.9816039,-75.1934997,"East Fairmount Park, Philadelphia, PA"
PhillyDadsGroup,39.9816039,-75.1934997,"East Fairmount Park, Philadelphia, PA"
PhiladelphiaFlyingPhoenix,39.9807503,-75.2044383,"1233 Martin Luther King Jr Dr, Philadelphia, PA"
maryamsmark,39.9480635,-75.1433055,"120 Chestnut St, Philadelphia, PA"
maryamsmark,39.948818,-75.1456539,"239 Chestnut Street, Philadelphia, PA"
Philly-Arts-and-Intellectualism,39.947172,-75.164306,"265 South Broad Street, Philadelphia, PA"
OpenAccessPHL,39.9490779,-75.1648579,"200 South Broad Street Suite 700, Philadelphia, PA"
West-Philly-French,39.949055,-75.2129149,"45 and Baltimore , Philadelphia, PA"
West-Philly-French,39.9489292,-75.2114126,"4400 Baltimore Ave, Philadelphia, PA"
TeamRedPhilly,40.1659174,-75.1922343,"580 Meetinghouse Road, Ambler, PA"
TeamRedPhilly,34.2884767,-99.7270221,"Harry Street & Railroad Street, Conshohocken, PA"
TeamRedPhilly,15.7144689,44.8176849,"5th & race streets, philadelphia, PA"
TeamRedPhilly,39.4496896,-75.6926532,"120 Silver Lake Rd, Middletown, DE"
TeamRedPhilly,39.4496896,-75.6926532,"120 Silver Lake Rd, Middletown, DE"
Philadelphia-MongoDB-User-Group,40.0640351,-75.5396313,"55 Great Valley Pkwy, Malvern, PA"
GreenhouseVentures,39.9490511,-75.1464632,"315 Chestnut Street, Philadelphia, PA"
Kroc-Center-Pickle-Ball-Meetup,39.9561821,-75.1018739,"1865 Harrison Ave, Camden, NJ"
Kroc-Center-Pickle-Ball-Meetup,39.9561821,-75.1018739,"1865 Harrison Ave, Camden, NJ"
Kroc-Center-Pickle-Ball-Meetup,39.9561821,-75.1018739,"1865 Harrison Ave, Camden, NJ"
Kroc-Center-Pickle-Ball-Meetup,39.9561821,-75.1018739,"1865 Harrison Ave, Camden, NJ"
CandiDateCodeCrush,39.9484155,-75.1650461,"230 S. Broad Street - 17th Floor, Philadelphia, PA"
phillydjgroup,39.9687041,-75.1364251,"102 W Girard Ave, Philadelphia, PA"
phillydjgroup,39.9588978,-75.1437874,"459 N. 3rd St. , Philadelphia, PA"
Philadelphia-Democratic-Socialists-of-America,39.9470976,-75.1631678,"1315 Spruce St. , Philadelphia , PA"
Lez-Run-Philadelphia,39.9539022,-75.1782205,"2300 Market St., Philadelphia, PA"
Lez-Run-Philadelphia,40.2111796,-75.2785162,"111 N. Main Street, North Wales, PA"
Lez-Run-Philadelphia,39.9010963,-75.1718743,"3601 S. Broad St., Philadelphia, PA"
Lez-Run-Philadelphia,40.0398527,-75.2085469,"Wissahickon Valley Park, Philadelphia , PA, Philadelphia, PA"
Fashion-Tech-PHL,39.9396252,-75.1773305,"2025 Washington Avenue, Philadelphia, PA"
Philly-Shell-info-sec-meetup,39.285186,-76.6170697,"1 W Pratt Street, Baltimore, MD"
Philly-Shell-info-sec-meetup,39.9590819,-75.1515932,"417 North 8th Street Philadelphia PA 19123, Philadelphia, PA"
Philly-Shell-info-sec-meetup,39.6829429,-75.5863615,"320 N. DuPont Highway, New Castle, DE"
Philly-Shell-info-sec-meetup,39.9653813,-75.1425709,"908 North 3rd Street, Philadelphia, PA"
Philly-Shell-info-sec-meetup,39.9653813,-75.1425709,"908 North 3rd Street, Philadelphia, PA"
BitcoinPHL,39.9701888,-75.1356145,"1253 N Front St, Philadelphia, PA"
DIY-Recording-Meetup,39.9604342,-75.1744497,"Ben Franklin Parkway, Philadelphia, PA"
phillybroadwayboundmeetup,39.9658015,-75.1811616,"2600 Benjamin Franklin Parkway, Philadelphia, PA"
phillybroadwayboundmeetup,39.9511991,-75.1439147,"40 N. 2nd St., Philadelphia, PA"
phillybroadwayboundmeetup,39.9448916,-75.1654997,"480 S Broad Street, Philadelphia, PA"
phillybroadwayboundmeetup,26.5353816,-81.5721902,"Columbus Blvd & Chestnut st, Philadelphia, PA"
Indraloka-Animal-Sanctuary-Philadelphia,41.5505498,-76.1026215,"709 Creek Road, Mehoopany, PA"
Indraloka-Animal-Sanctuary-Philadelphia,39.9487257,-75.1697345,"1706 Locust, Philadelphia, PA"
Indraloka-Animal-Sanctuary-Philadelphia,39.9401243,-75.1492724,"713 S. 4th Street, Philadelphia, PA"
MathCounts,39.9554269,-75.1664995,"110 N. 16th Street , Philadelphia, PA"
MathCounts,39.9554269,-75.1664995,"110 N. 16th Street , Philadelphia, PA"
atomiccitycitizens,39.9420189,-75.1534801,"638 South Street, Philadelphia, PA"
PhiladelphiaEventsMeetup,39.9537058,-75.1565271,"1003 Arch Street, Philadelphia, PA"
PhiladelphiaEventsMeetup,39.9694512,-75.1347199,"1210 Frankford Avenue, Philadelphia, Pe"
PhiladelphiaEventsMeetup,39.9526238,-75.1634624,"City Hall, Philadelphia, PA"
PhiladelphiaEventsMeetup,39.9545872,-75.167024,"1600 Arch St , Phila , PA"
Sitecore-User-Group-Philadelphia,39.9515211,-75.1798731,"2401 Walnut Street, Suite 102, Philadelphia, PA"
PhillyBibleStudy,39.9543603,-75.2028254,"4001 Walnut St, Philadelphia, PA"
Philadelphia-Nonprofit-Development-Meetup,39.8643415,-75.2788234,"4th Floor), Philadelphia, PA"
material-girl-sewing-collective,39.9659019,-75.2818411,"8310 West Chester Pike, Upper Darby, PA"
material-girl-sewing-collective,39.9659019,-75.2818411,"8310 West Chester Pike, Upper Darby, PA"
material-girl-sewing-collective,39.9659019,-75.2818411,"8310 West Chester Pike, Upper Darby, PA"
CircleofHope,39.9384249,-75.0782993,"3800 Marlon Pike, Pennsauken, NJ"
We-are-Hooked-on-Fitness-in-Philly,39.9971048,-75.1220863,"426 East Allegheny Ave, Philadelphia, PA"
We-are-Hooked-on-Fitness-in-Philly,39.9971048,-75.1220863,"426 East Allegheny Ave, Philadelphia, PA"
We-are-Hooked-on-Fitness-in-Philly,39.9971048,-75.1220863,"426 East Allegheny Ave, Philadelphia, PA"
We-are-Hooked-on-Fitness-in-Philly,39.9971048,-75.1220863,"426 East Allegheny Ave, Philadelphia, PA"
We-are-Hooked-on-Fitness-in-Philly,39.9971048,-75.1220863,"426 East Allegheny Ave, Philadelphia, PA"
Society-Hill-Synagogue-Philadelphia-PA,39.944829,-75.1494916,"418 Spruce St, Philadelphia, PA"
Society-Hill-Synagogue-Philadelphia-PA,39.944829,-75.1494916,"418 Spruce St, Philadelphia, PA"
Raise-Your-Vibration-Philadelphia-Group,39.9537945,-75.2024592,"201 S 40th St, Philadelphia, PA"
Raise-Your-Vibration-Philadelphia-Group,39.9537945,-75.2024592,"201 S 40th St, Philadelphia, PA"
Philadelphia-EDM-Meetup,39.9647703,-75.1344573,"1000 Frankford Ave	, Philadelphia, PA"
Philadelphia-EDM-Meetup,39.959855,-75.137913,"520 North Columbus Boulevard, Philadelphia, PA"
Philadelphia-EDM-Meetup,39.959855,-75.137913,"520 North Columbus Boulevard, Philadelphia, PA"
Philadelphia-EDM-Meetup,39.959855,-75.137913,"520 North Columbus Boulevard, Philadelphia, PA"
Philadelphia-EDM-Meetup,39.9497207,-75.1698467,"1712 Walnut St, Philadelphia, PA"
Philly-Tech-Sistas,39.9484155,-75.1650461,"230 S. Broad Street - 17th Floor, Philadelphia, PA"
Brew-Enjoy-Empty-Repeat,40.0226381,-75.2193379,"4120 Main St, Philadelphia, PA"
Unmask-Yourself-An-Art-Therapy-Group-in-Philadelphia,39.9525839,-75.1652215,"Address provided when you sign up, Philadelphia, PA"
Adventurers-in-Action,40.3520679,-75.0785001,"3539 Holicong Road, Mechanicsville, PA"
Sewistas,40.0602202,-75.1908364,"7167 Germantown Ave, Philadelphia , PA"
Sewistas,40.0602202,-75.1908364,"7167 Germantown Ave, Philadelphia , PA"
Philadelphia-Playing-Pickleball-Meetup,39.9439094,-75.1593904,"1020 Lombard St, Philadelphia, PA"
LifeQuest,39.9915379,-75.2187346,"19131 , Philadelphia, PA"
LifeQuest,39.9915379,-75.2187346,"19131 , Philadelphia, PA"
Philadelphia-Contemporary-Classical-Music-Meetup,39.9720099,-75.1447305,"1320 N. 5th Street, Philadelphia, PA"
KickstandsUp,40.1290636,-75.5271903,"Rt 113 and Rt 23, Phoenixville, PA"
KickstandsUp,33.6044229,-117.7925306,"Rt. 73 & Rt. 113, Skippack, PA"
Philly-Main-Line-Health-Nutrition-and-Weight-Loss,40.2383502,-75.2955949,"408 Whites Road, Lansdale, PA"
Christian-Cycling-Philadelphia,40.0535718,-75.3906126,"651 N. Wayne Ave, Wayne, PA"
Christian-Cycling-Philadelphia,40.336995,-75.4841281,"2150 Green Lane Rd., Green Lane, PA"
Christian-Cycling-Philadelphia,40.1659174,-75.1922343,"580 Meetinghouse Road, Ambler, PA"
Philadelphia-School-of-Massage-Bodywork,39.9508343,-75.1658994,"1500 Chestnut St. at the Ellington- Lower Level, Philadelphia, PA"
Philadelphia-School-of-Massage-Bodywork,39.9508343,-75.1658994,"1500 Chestnut St. at the Ellington- Lower Level, Philadelphia, PA"
Philadelphia-School-of-Massage-Bodywork,39.9508343,-75.1658994,"1500 Chestnut St. at the Ellington- Lower Level, Philadelphia, PA"
Philadelphia-School-of-Massage-Bodywork,39.9508343,-75.1658994,"1500 Chestnut St. at the Ellington- Lower Level, Philadelphia, PA"
Philadelphia-School-of-Massage-Bodywork,39.9508343,-75.1658994,"1500 Chestnut St. at the Ellington- Lower Level, Philadelphia, PA"
Philadelphia-Womens-Zumba-Class-Meetup,39.9326932,-75.1602115,"1324 East Passyunk Avenue, Philadelphia, PA"
Philadelphia-Womens-Zumba-Class-Meetup,39.938455,-75.163494,"1200 Carpenter Street, Philadelphia, PA"
The-Philadelphia-Semantic-Web-Meetup,37.7865518,-122.4030771,"50 3rd St., San Francisco, CA"
EastCC,40.8669806,-76.5448885,"Rt 487, Elysburg, PA"
EastCC,41.4847647,-82.690378,"One Cedar Point Drive, Sandusky, , OH"
Embedded-Philly,39.9499202,-75.1451021,"234 Market St., 5th Fl, Philadelphia, PA"
Embedded-Philly,39.9499202,-75.1451021,"234 Market St., 5th Fl, Philadelphia, PA"
Doodle-Dogs-Of-Philadelphia,38.6960674,-75.0750914,"2100 Coastal Hwy, Dewey Beach, DE"
Philly-Tango,39.9271233,-75.1663462,"1823 East Passyunk Avenue, Philadelphia, PA"
Philly-Tango,39.9271233,-75.1663462,"1823 East Passyunk Avenue, Philadelphia, PA"
Philly-CHI-Steppers,40.03644,-75.174434,"21 E. Chelten Ave, Philadelphia, PA"
Philly-CHI-Steppers,40.0151476,-75.1544606,"1648 West Hunting Park Avenue, Philadelphia, PA"
Philly-CHI-Steppers,40.0157208,-75.1381008,"633 W Hunting Park Ave, Philadelphia, PA"
30s-Rittenhouse-Dining-Group,40.0084328,-75.1834255,"3500 Scotts Lane, 3500 Scotts Lane, Philadelphia, PA"
Delaware-Valley-Road-Trips,39.9021583,-75.5643696,"1353 Wilmington Pike, West Chester, PA"
Delaware-Valley-Road-Trips,40.7154516,-75.285191,"3708 Easton/Nazareth Highway, Easton, PA"
law-of-attraction-and-money,39.9525839,-75.1652215,"Webinar or teleconference, Philadelphia, PA"
law-of-attraction-and-money,39.9525839,-75.1652215,"Webinar or teleconference, Philadelphia, PA"
DPM-Philly,39.9502071,-75.1691803,"1701 Walnut Street 8th Floor, Philadelphia, PA"
DPM-Philly,39.9674591,-75.1423216,"1028 North 3rd Street, Philadelphia, PA"
Bronies-Philadelphia,39.947939,-75.1642393,"237 S. Broad Street, Philadelphia, PA"
internationalloa,39.9525839,-75.1652215,"Webinar or teleconference, Philadelphia, PA"
internationalloa,39.9525839,-75.1652215,"Webinar or teleconference, Philadelphia, PA"
MarketSharePhilly,39.9355816,-75.1588543,"1132 S 9th St, Philadelphia, PA"
Fly-Girls-Global,39.956135,-75.1755672,"2129 Arch Street, Philadelphia, PA"
Fly-Girls-Global,36.1162194,-115.1745719,"3570 S. Las Vegas Blvd, Las Vegas, NV"
Fly-Girls-Global,39.9526238,-75.1634624,"City Hall, Philadelphia, PA"
Fly-Girls-Global,40.6980615,-73.9846285,"189 Bridge St, Brooklyn, NY 11201, Brooklyn, NY"
Fly-Girls-Global,37.533821,-77.427214,"1717 E Franklin St Richmond, VA 23223, Richmond, VA"
Metro-Philly-Dinner-Club,39.9685125,-75.178553,"2501 Meredith St, Philadelphia, PA"
wealthadvisorsNetwork-Philadelphia,39.9536328,-75.1695319,"1735 Market Street, Philadelphia, PA"
British-Expats-in-Philly,39.9493463,-75.1423488,"10 S Front St, Philadelphia, PA"
British-Expats-in-Philly,39.9485389,-75.1620259,"205 S. 13th St., Philadelphia, PA"
British-Expats-in-Philly,39.8330235,-75.3778345,"1 Stadium Drive, Chester, PA"
GLAM-Cafe-Philadelphia,39.9479772,-75.1632563,"1320 Locust Street, Philadelphia, PA"
photografriends,35.613118,-90.3188426,"Broad & Locust Streets, Philadelphia, PA"
photografriends,39.930862,-75.237745,"6201 Kingsessing Avenue, Philadelphia, PA"
photografriends,40.2167174,-75.1494455,"859 County Line , Horsham, PA"
photografriends,39.955527,-75.15018,"200 N 6th St, Philadelphia, PA"
Philadelphia-Podcasting-Meetup,39.9525839,-75.1652215,"2424 East York Street, Suite 238 Conference Room), Philadelphia, PA"
Germantown-Country-Dancers,40.0094078,-75.2530142,"615 Montgomery Ave, Merion Station, PA"
ronpaul-972,-21.0006817,47.1551768,"7th & Vine Streets, Philadelphia, PA"
Center-City-Babies-Toddlers-Read-Rhyme-and-Sing,39.9643136,-75.170619,"1942 Brandywine St, Philadelphia, PA"
Center-City-Babies-Toddlers-Read-Rhyme-and-Sing,39.944999,-75.179558,"2227 Grays Ferry Avenue, Philadelphia 19146, PA"
Philadelphia-New-Jersey-Mediumship-Meetup,39.89684,-75.061804,"801 HOPKINS ROAD, HADDON TOWNSHIP, NJ"
philadelphia-new-in-town,39.948818,-75.1456539,"239 Chestnut Street, Philadelphia, PA"
philadelphia-new-in-town,39.948818,-75.1456539,"239 Chestnut Street, Philadelphia, PA"
philadelphia-new-in-town,39.9480635,-75.1433055,"120 Chestnut St, Philadelphia, PA"
philadelphia-new-in-town,39.9484815,-75.1572037,"929 Walnut Street, Philadelphia, PA"
phillyfilemaker,39.9499263,-75.1679127,"1607 Walnut Street, Philadelphia, PA"
The-Soundproof-Room-Philadelphia,39.9396507,-75.1493725,"727 S. 4th St. , Philadelphia, PA"
philadelphia-movie-club,39.9701888,-75.1356145,"1253 N Front St, Philadelphia, PA"
southphillyjam,39.9381615,-75.1500584,"400 Block of Catharine Street, Philadelphia, PA"
Womanist,41.5062286,-81.6503406,"Chester Ave. & S. 43rd St., Philadelphia, PA"
Womanist,-11.8107631,-76.351617,"22nd & Fairmount Avenue, Philadelphia, PA"
Womanist,40.7354188,-73.9936312,"63 Fifth Ave , New York, NY"
Womanist,39.9708488,-75.1879056,"Lemon Hill Drive, Philadelphia, PA"
Womanist,39.9627561,-75.1665253,"1700 Spring Garden Street, Philadelphia, PA"
American-Pilgrims-on-the-Camino-Philadelphia-Chapter,40.0969929,-75.0736507,"183 Moredon Road, Huntingdon Valley, PA"
Greater-Philadelphia-Area-Mac-Admins,39.9499263,-75.1679127,"1607 Walnut Street, Philadelphia, PA"
Philadelphia-LibertyontheRocks,39.9508094,-75.1741197,"2011 Walnut St., Philadelphia, PA"
Philadelphia-Fear-of-Public-Speaking-Meetup,39.9546599,-75.1676967,"1650 Arch Street, Philadelphia, PA"
spiritinphilly,39.9541833,-75.196617,"118 S. 37th St., Philadelphia, PA"
Caregiver-Support-Group-Philadelphia,39.9722307,-75.2065524,"1016 W. 41st Street, Philadelphia, PA"
Caregiver-Support-Group-Philadelphia,40.0569482,-75.0867034,"7040 Oxford Ave., Philadelphia, PA"
Caregiver-Support-Group-Philadelphia,40.0481285,-75.0614917,"2228 Cottman Ave, Philadelphia, PA"
Caregiver-Support-Group-Philadelphia,39.919848,-75.172118,"2433 S. 15th Street at Porter), Philadelphia, PA"
Philadelphia-Game-Experiment,39.948818,-75.1456539,"239 Chestnut Street, Philadelphia, PA"
Philadelphia-Game-Experiment,39.948818,-75.1456539,"239 Chestnut Street, Philadelphia, PA"
Philadelphia-Game-Experiment,39.9614103,-75.1991112,"3850 Lancaster Ave., Philadelphia, PA"
Philadelphia-Game-Experiment,39.947939,-75.1642393,"237 South Broad Street, Philadelphia, PA"
SPTATennis,39.915792,-75.178939,"1800 Johnston Street, Philadelphia, PA"
SPTATennis,39.9478287,-75.1832329,"400 S Taney St, Philadelphia, PA"
Philly-Airbnb-Meetup,39.9523311,-75.1443556,"229 Arch Street, Philadelphia, PA"
Philadelphia-Political-Agnostics-Social-Theorists,39.9622095,-75.1429184,"637 North 3rd Street, Philadelphia, PA"
Arista-Warriors-Independence-Philadelphia-PA,40.0744029,-75.3052932,"123 Fayette St, Conshohocken, PA"
Philly-MeetUp-Leaders,40.1154069,-75.283556,"500 W Germantown Pike, Plymouth Meeting, PA"
Philly-MeetUp-Leaders,40.0068973,-75.210552,"4010 City Ave, Philadelphia, PA"
Philly-MeetUp-Leaders,40.1154069,-75.283556,"500 W Germantown Pike, Plymouth Meeting, PA"
Philly-MeetUp-Leaders,40.0068973,-75.210552,"4010 City Ave, Philadelphia, PA"
Philly-MeetUp-Leaders,40.0068973,-75.210552,"4010 City Ave, Philadelphia, PA"
Skidmarks-MC-Philly-Chapter,40.0109709,-75.1894483,"3521 Bowman St, Philadelphia, PA"
Skidmarks-MC-Philly-Chapter,40.0109709,-75.1894483,"3521 Bowman St, Philadelphia, PA"
Center-City-Residents-Association,39.9483901,-75.1783519,"2212 Spruce Street, Philadelphia , Philadelphia, PA"
Center-City-Residents-Association,39.9520816,-75.1760633,"2110 Chestnut Street, Philadelphia, PA"
Philadelphia-Board-Games-Meetup,40.0346423,-75.2166543,"6156 Ridge Avenue, Philadelphia, PA"
South-Jersey-Technologists,39.944198,-75.1265096,"200 Federal Street, 1st Floor, Camden, NJ 08103, Camden, NJ"
South-Jersey-Technologists,39.9528833,-75.2047892,"4040 Locust St, Philadelphia, PA"
South-Jersey-Technologists,39.944198,-75.1265096,"200 Federal Street, 1st Floor, Camden, NJ 08103, Camden, NJ"
SHDABallroom-for-Beginners-Meetup,39.9427882,-75.1449773,"409 S 2nd St, Philadelphia, PA"
SHDABallroom-for-Beginners-Meetup,39.9427882,-75.1449773,"409 S 2nd St, Philadelphia, PA"
SHDABallroom-for-Beginners-Meetup,39.9427882,-75.1449773,"409 S 2nd St, Philadelphia, PA"
SHDABallroom-for-Beginners-Meetup,39.9427882,-75.1449773,"409 S 2nd St, Philadelphia, PA"
SHDABallroom-for-Beginners-Meetup,39.9427882,-75.1449773,"409 S 2nd St, Philadelphia, PA"
UC-Book-Club,39.9554594,-75.198562,"60 S 38th St, Philadelphia, Pe"
UC-Book-Club,39.9601992,-75.190891,"34th and Powelton, Philadelphia, PA"
PREcentercity,39.9536328,-75.1695319,"1735 Market St , Philadelphia, PA"
PREcentercity,39.9536328,-75.1695319,"1735 Market St , Philadelphia, PA"
Philadelphia-Shape-Note-and-Sacred-Harp-Singing,39.9483428,-75.2177204,"4722 Baltimore Ave, Philadelphia, PA"
Philadelphia-Shape-Note-and-Sacred-Harp-Singing,39.9525839,-75.1652215,"3916 Locust Walk, on the Penn campus, Philadelphia, PA"
Meetup-for-the-Blind-and-Visually-Impaired,39.9523311,-75.1443556,"229 Arch Street, Philadelphia, PA"
Meetup-for-the-Blind-and-Visually-Impaired,39.9523311,-75.1443556,"229 Arch Street, Philadelphia, PA"
Philly-Spring-Meetup,39.9525839,-75.1652215,"TBA, Philadelphia, PA"
PhillyJUG,40.0742652,-75.289765,"951 E Hector St, Conshohocken, PA"
PhillyJUG,40.0940322,-75.4057916,"935 First Ave., King of Prussia, PA"
PhillyJUG,40.0940322,-75.4057916,"935 First Ave., King of Prussia, PA"
Philadelphia-Study-Group-for-Anthroposophy,40.0611235,-75.1959178,"Eagles 2, 7500 Germantown Avenue, Philadelphia, PA"
StoriestoGrowby-org,39.9444664,-75.1578735,"928 Pine St, Philadelphia, PA"
AgainsttheWind,39.9525839,-75.1652215,"West River Drive aka Martin Luther King Junior Boulevard, Philadelphia, PA"
United-By-Blue-Blue-Movers,39.953159,-75.143319,"144 N 2nd Street, Philadelphia, PA"
Common-Ground-NET-WORKS,40.0034279,-75.2838851,"278 E Lancaster Ave., Wynnewood, PA"
TrikkePA,40.4946477,-74.4475187,"95 Paterson St, new Brunswick, NJ"
Womens-Tea-Snack-and-Chat-in-Bala-Cynwyd,40.0618499,-75.2269059,"225 East City Line Avenue, Suite 16, Bala Cynwyd, PA"
Philadelphia-Catholic-Center-for-Young-Adults-Meetup,39.9388221,-75.1477993,"244 Fitzwater St, Philadelphia, PA"
Philadelphia-Catholic-Center-for-Young-Adults-Meetup,39.9388221,-75.1477993,"244 Fitzwater St, Philadelphia, PA"
Philadelphia-Catholic-Center-for-Young-Adults-Meetup,39.9388221,-75.1477993,"244 Fitzwater St, Philadelphia, PA"
Australian-Rules-Football-Philadelphia,39.9897911,-75.1923958,"Randolph Dr, Philadelphia, PA"
Australian-Rules-Football-Philadelphia,39.9897911,-75.1923958,"Randolph Dr, Philadelphia, PA"
Spiritual-Tour-SSRF-Pennsylvania,40.076732,-74.858371,"426 High St, Burlington, NJ"
Spiritual-Tour-SSRF-Pennsylvania,40.296715,-75.733779,"1056 Old Swede Rd, Douglassville, PA"
Spiritual-Tour-SSRF-Pennsylvania,39.920517,-75.0044077,"1100 Kings Highway North, Cherry Hill, NJ"
Spiritual-Tour-SSRF-Pennsylvania,39.9668169,-75.555074,"1240 West Chester Pike, Suite 207, West Chester, PA"
Spiritual-Tour-SSRF-Pennsylvania,39.9668169,-75.555074,"1240 West Chester Pike, Suite 207, West Chester, PA"
Philadelphia-Chung-Do-Kwan-Tae-Kwon-Do-Korean-Karate,39.9523308,-75.2018426,"3916 Locust Walk, Philadelphia, PA"
Philadelphia-SJ-Dongli-Gong-Holistic-Fitness-Support,39.9617538,-75.1470119,"509 Spring Garden Street, Philadelphia, PA"
Philadelphia-SJ-Dongli-Gong-Holistic-Fitness-Support,39.9617538,-75.1470119,"509 Spring Garden Street, Philadelphia, PA"
Philadelphia-SJ-Dongli-Gong-Holistic-Fitness-Support,39.9525839,-75.1652215,"Philadelphia, Philadelphia, PA"
Philadelphia-SJ-Dongli-Gong-Holistic-Fitness-Support,39.9525839,-75.1652215,"123 your ave, your home, Philadelphia, PA"
Philadelphia-SJ-Dongli-Gong-Holistic-Fitness-Support,40.0583238,-74.4056612,"000, Your Backyard, NJ"
AACR-Runners-for-Research,33.8153022,-117.9261865,"1313 S Disneyland Dr, Anaheim, CA"
AACR-Runners-for-Research,33.8153022,-117.9261865,"1313 S Disneyland Dr, Anaheim, CA"
SYKA2014,39.9431619,-75.1625831,"1224 South Street, Philadelphia PA 19147, Philadelphia, PA"
Not-your-mamas-knitting-circle,39.9480983,-75.1592326,"216 S 11th St, Philadelphia, PA"
BMA-Philadelphia-Chapter-Official-Meetup-Group,40.0689484,-75.3116537,"101 Ford Street, West Conshohocken, PA"
Philadelphia-Hindi-Language-Meetup,39.9481797,-75.1660502,"235 S 15th St, Philadelphia, PA 19102, Philadelphia, PA"
Philadelphia-Hindi-Language-Meetup,39.9481797,-75.1660502,"235 S 15th St, Philadelphia, PA 19102, Philadelphia, PA"
Philadelphia-Singles-and-Dating-Meetup,39.9484815,-75.1572037,"929 Walnut St, , Philadelphia, PA"
Philadelphia-Mid-Century-Modern-Design,40.0023206,-75.2744394,"31 East Wynnewood Road , Wynnewood, PA"
Kindred-Readers,39.9495567,-75.146008,"22 South 3rd Street, Philadelphia, PA"
University-City-Kiwanis-Club-Service-Leadership-and-Fun,39.917312,-75.0078908,"1536 North Kings Highway, Cherry Hill, NJ"
University-City-Kiwanis-Club-Service-Leadership-and-Fun,39.958106,-75.1458958,"401 Callowhill Street , Philadelphia, PA"
University-City-Kiwanis-Club-Service-Leadership-and-Fun,39.9541117,-75.2025842,"Corner of 40th and Walnut , Philadelphia, PA"
University-City-Kiwanis-Club-Service-Leadership-and-Fun,39.958106,-75.1458958,"401 Callowhill Street , Philadelphia, PA"
Truqueros-en-Philly-Truco-players-in-Philadelphia,39.948818,-75.1456539,"239 Chestnut Street, Philadelphia, PA"
Delicate-Steve-Underground-Arts-Apr-25,39.9590346,-75.1587131,"1200 Callowhill Street, Philadelphia, PA"
Dubosethink,39.9545422,-75.1845469,"3020 Market Street, Suite 415, Philadelphia, PA"
Philly-DINKS,39.9522059,-75.171571,"39-41 S 19th St, Philadelphia, PA"
Network-and-Profit,40.1416782,-75.1926937,"540 Pennsylvania Ave. Suite 323 right next to the Hilton Garden Inn where PA Turnpike and Route 309 meet), Ft.Washington, PA"
Catholic-Friends-of-Pa,39.9373513,-75.3584885,"Route 1, Chadds Ford, PA"
Blue-Marble-Solutions,39.9671197,-75.221859,"5047 Parrish St, Philadelphia, PA"
Blue-Marble-Solutions,39.9671197,-75.221859,"5047 Parrish St, Philadelphia, PA"
Blue-Marble-Solutions,39.9485888,-75.1730357,"1906 Rittenhouse Square, Philadelphia, PA"
Blue-Marble-Solutions,39.9485888,-75.1730357,"1906 Rittenhouse Square, Philadelphia, PA"
Philadelphia-Burlesque-Meetup,39.9495566,-75.1617192,"129 S. 13th Street, Philadelphia, PA"
Philadelphia-Burlesque-Meetup,39.9469261,-75.1703428,"1714 Delancey Pl, Philadelphia, PA"
Philly-Womens-Healing-and-Growth-Support-group,39.9493001,-75.1477762,"400 Ranstad, Phila, PA"
Philly-Womens-Healing-and-Growth-Support-group,39.9701888,-75.1356145,"1253 N Front St, Philadelphia, PA"
Memoir-Self-Publishing-Media,39.913693,-75.4393939,"21 N Pennell Rd, Lima, PA"
Philadelphia-Legal-Networking,39.9522292,-75.1716383,"39 S 19th St, Philadelphia, PA"
Philadelphia-Sencha-Users,39.9653813,-75.1425709,"908 North 3rd Street, Philadelphia, PA"
Sales-Edge-Coaching-Workshops,39.9502071,-75.1691803,"1701 Walnut Street 8th Floor), Philadelphia, PA"
Movie-Lovers-in-the-Burbs,40.0928423,-75.3977589,"300 Goddard Blvd, King of Prussia, PA"
Philadelphiaspiritualentrepreneurs,39.9502647,-75.1446505,"227 Market Street, Philadelphia, PA"
Philadelphia-Dao-Meetup,40.0321924,-75.0316768,"7432 Torresdale Ave at Vista St., Philadelphia, PA"
Headhunter-Mens-Fellowship,39.969231,-75.2485345,"400 N. Simpson St., Philadelphia, PA"
Headhunter-Mens-Fellowship,39.969231,-75.2485345,"400 N. Simpson St., Philadelphia, PA"
Headhunter-Mens-Fellowship,39.969231,-75.2485345,"400 N. Simpson St., Philadelphia, PA"
Headhunter-Mens-Fellowship,39.969231,-75.2485345,"400 N. Simpson St., Philadelphia, PA"
Camden-Biohackers,39.944198,-75.1265096,"200 Federal Street, Camden, NJ"
weekend-MahJongg-in-PA,39.936204,-75.393931,"102 West Rose Tree Road, Media, PA"
Philly-Area-Zoho-CRM-Meetup,40.1134624,-75.2876592,"430 Plymouth Rd, Plymouth Meeting, PA"
Gaeilgeoiri-na-Philadelphia,39.9486516,-75.1603889,"1128 Walnut St Ste A, Philadelphia, PA"
Rotary-Club-of-Bala-Cynwyd-Narberth,40.0055702,-75.2420057,"281 Montgomery Ave., Bala Cynwyd, PA"